Trained,Actual
0.00018790488344455625,0.0003
0.003582943284517797,0.0032
0.3316198524468019,0.25
0.35743933047699183,0.29
